{"cameraMode":{"drawMode":0,"name":"Shaded","section":"Shading Mode"},"sceneLighting":false,"audioPlay":false,"sceneViewState":{"m_AlwaysRefresh":false,"showFog":true,"showSkybox":false,"showFlares":true,"showImageEffects":true,"showParticleSystems":true,"showVisualEffectGraphs":true,"m_FxEnabled":true},"in2DMode":false,"pivot":{"x":3.9000000953674318,"y":3.5999999046325685,"z":-26.399999618530275},"rotation":{"x":-0.2841738164424896,"y":-0.032487642019987109,"z":0.00961622130125761,"w":-0.9581886529922485},"size":6.928203105926514,"orthographic":false}