{"cameraMode":{"drawMode":0,"name":"Shaded","section":"Shading Mode"},"sceneLighting":true,"audioPlay":false,"sceneViewState":{"m_AlwaysRefresh":false,"showFog":true,"showSkybox":false,"showFlares":true,"showImageEffects":true,"showParticleSystems":true,"showVisualEffectGraphs":true,"m_FxEnabled":true},"in2DMode":false,"pivot":{"x":-0.3050169050693512,"y":2.381932258605957,"z":-0.017647147178649904},"rotation":{"x":-0.4673531651496887,"y":-0.008756761439144612,"z":0.004590803757309914,"w":-0.8840360641479492},"size":3.6373064517974855,"orthographic":false}