{"cameraMode":{"drawMode":0,"name":"Shaded","section":"Shading Mode"},"sceneLighting":false,"audioPlay":false,"sceneViewState":{"m_AlwaysRefresh":false,"showFog":true,"showSkybox":false,"showFlares":true,"showImageEffects":true,"showParticleSystems":true,"showVisualEffectGraphs":true,"m_FxEnabled":true},"in2DMode":false,"pivot":{"x":-14.279999732971192,"y":6.180000305175781,"z":43.400001525878909},"rotation":{"x":-0.2841738164424896,"y":-0.032487642019987109,"z":0.00961622130125761,"w":-0.9581886529922485},"size":2.4874684810638429,"orthographic":false}